chapter,baseline_passed,current_passed,shared_root_cause
quest_000_00,False,True,aftermath-visible-before-completion
quest_000_01,False,True,aftermath-visible-before-completion
quest_000_02,False,True,aftermath-visible-before-completion
quest_000_03,False,True,aftermath-visible-before-completion
quest_000_04,False,True,aftermath-visible-before-completion
quest_000_05,False,True,aftermath-visible-before-completion
quest_000_06,False,True,aftermath-visible-before-completion
quest_000_07,False,True,aftermath-visible-before-completion
quest_000_08,False,True,aftermath-visible-before-completion
quest_000_09,False,True,aftermath-visible-before-completion
quest_000_10,False,True,aftermath-visible-before-completion
quest_000_11,False,True,aftermath-visible-before-completion
quest_001_00,False,True,aftermath-visible-before-completion
quest_001_01,False,True,aftermath-visible-before-completion
quest_001_02,False,True,aftermath-visible-before-completion
quest_001_03,False,True,aftermath-visible-before-completion
quest_001_04,False,True,aftermath-visible-before-completion
quest_001_05,False,True,aftermath-visible-before-completion
quest_001_06,False,True,aftermath-visible-before-completion
quest_001_07,False,True,aftermath-visible-before-completion
quest_001_08,False,True,aftermath-visible-before-completion
quest_001_09,False,True,aftermath-visible-before-completion
quest_001_10,False,True,aftermath-visible-before-completion
quest_001_11,False,True,aftermath-visible-before-completion
quest_002_00,False,True,aftermath-visible-before-completion
quest_002_01,False,True,aftermath-visible-before-completion
quest_002_02,False,True,aftermath-visible-before-completion
quest_002_03,False,True,aftermath-visible-before-completion
quest_002_04,False,True,aftermath-visible-before-completion
quest_002_05,False,True,aftermath-visible-before-completion
quest_002_06,False,True,aftermath-visible-before-completion
quest_002_07,False,True,aftermath-visible-before-completion
quest_002_08,False,True,aftermath-visible-before-completion
quest_002_09,False,True,aftermath-visible-before-completion
quest_002_10,False,True,aftermath-visible-before-completion
quest_002_11,False,True,aftermath-visible-before-completion
quest_003_00,False,True,aftermath-visible-before-completion
quest_003_01,False,True,aftermath-visible-before-completion
quest_003_02,False,True,aftermath-visible-before-completion
quest_003_03,False,True,aftermath-visible-before-completion
quest_003_04,False,True,aftermath-visible-before-completion
quest_003_05,False,True,aftermath-visible-before-completion
quest_003_06,False,True,aftermath-visible-before-completion
quest_003_07,False,True,aftermath-visible-before-completion
quest_003_08,False,True,aftermath-visible-before-completion
quest_003_09,False,True,aftermath-visible-before-completion
quest_003_10,False,True,aftermath-visible-before-completion
quest_003_11,False,True,aftermath-visible-before-completion
quest_004_00,False,True,aftermath-visible-before-completion
quest_004_01,False,True,aftermath-visible-before-completion
quest_004_02,False,True,aftermath-visible-before-completion
quest_004_03,False,True,aftermath-visible-before-completion
quest_004_04,False,True,aftermath-visible-before-completion
quest_004_05,False,True,aftermath-visible-before-completion
quest_004_06,False,True,aftermath-visible-before-completion
quest_004_07,False,True,aftermath-visible-before-completion
quest_004_08,False,True,aftermath-visible-before-completion
quest_004_09,False,True,aftermath-visible-before-completion
quest_004_10,False,True,aftermath-visible-before-completion
quest_004_11,False,True,aftermath-visible-before-completion
quest_005_00,False,True,aftermath-visible-before-completion
quest_005_01,False,True,aftermath-visible-before-completion
quest_005_02,False,True,aftermath-visible-before-completion
quest_005_03,False,True,aftermath-visible-before-completion
quest_005_04,False,True,aftermath-visible-before-completion
quest_005_05,False,True,aftermath-visible-before-completion
quest_005_06,False,True,aftermath-visible-before-completion
quest_005_07,False,True,aftermath-visible-before-completion
quest_005_08,False,True,aftermath-visible-before-completion
quest_005_09,False,True,aftermath-visible-before-completion
quest_005_10,False,True,aftermath-visible-before-completion
quest_005_11,False,True,aftermath-visible-before-completion
quest_006_00,False,True,aftermath-visible-before-completion
quest_006_01,False,True,aftermath-visible-before-completion
quest_006_02,False,True,aftermath-visible-before-completion
quest_006_03,False,True,aftermath-visible-before-completion
quest_006_04,False,True,aftermath-visible-before-completion
quest_006_05,False,True,aftermath-visible-before-completion
quest_006_06,False,True,aftermath-visible-before-completion
quest_006_07,False,True,aftermath-visible-before-completion
quest_006_08,False,True,aftermath-visible-before-completion
quest_006_09,False,True,aftermath-visible-before-completion
quest_006_10,False,True,aftermath-visible-before-completion
quest_006_11,False,True,aftermath-visible-before-completion
quest_007_00,False,True,aftermath-visible-before-completion
quest_007_01,False,True,aftermath-visible-before-completion
quest_007_02,False,True,aftermath-visible-before-completion
quest_007_03,False,True,aftermath-visible-before-completion
quest_007_04,False,True,aftermath-visible-before-completion
quest_007_05,False,True,aftermath-visible-before-completion
quest_007_06,False,True,aftermath-visible-before-completion
quest_007_07,False,True,aftermath-visible-before-completion
quest_007_08,False,True,aftermath-visible-before-completion
quest_007_09,False,True,aftermath-visible-before-completion
quest_007_10,False,True,aftermath-visible-before-completion
quest_007_11,False,True,aftermath-visible-before-completion
quest_008_00,False,True,aftermath-visible-before-completion
quest_008_01,False,True,aftermath-visible-before-completion
quest_008_02,False,True,aftermath-visible-before-completion
quest_008_03,False,True,aftermath-visible-before-completion
quest_008_04,False,True,aftermath-visible-before-completion
quest_008_05,False,True,aftermath-visible-before-completion
quest_008_06,False,True,aftermath-visible-before-completion
quest_008_07,False,True,aftermath-visible-before-completion
quest_008_08,False,True,aftermath-visible-before-completion
quest_008_09,False,True,aftermath-visible-before-completion
quest_008_10,False,True,aftermath-visible-before-completion
quest_008_11,False,True,aftermath-visible-before-completion
quest_009_00,False,True,aftermath-visible-before-completion
quest_009_01,False,True,aftermath-visible-before-completion
quest_009_02,False,True,aftermath-visible-before-completion
quest_009_03,False,True,aftermath-visible-before-completion
quest_009_04,False,True,aftermath-visible-before-completion
quest_009_05,False,True,aftermath-visible-before-completion
quest_009_06,False,True,aftermath-visible-before-completion
quest_009_07,False,True,aftermath-visible-before-completion
quest_009_08,False,True,aftermath-visible-before-completion
quest_009_09,False,True,aftermath-visible-before-completion
quest_009_10,False,True,aftermath-visible-before-completion
quest_009_11,False,True,aftermath-visible-before-completion
quest_010_00,False,True,aftermath-visible-before-completion
quest_010_01,False,True,aftermath-visible-before-completion
quest_010_02,False,True,aftermath-visible-before-completion
quest_010_03,False,True,aftermath-visible-before-completion
quest_010_04,False,True,aftermath-visible-before-completion
quest_010_05,False,True,aftermath-visible-before-completion
quest_010_06,False,True,aftermath-visible-before-completion
quest_010_07,False,True,aftermath-visible-before-completion
quest_010_08,False,True,aftermath-visible-before-completion
quest_010_09,False,True,aftermath-visible-before-completion
quest_010_10,False,True,aftermath-visible-before-completion
quest_010_11,False,True,aftermath-visible-before-completion
quest_011_00,False,True,aftermath-visible-before-completion
quest_011_01,False,True,aftermath-visible-before-completion
quest_011_02,False,True,aftermath-visible-before-completion
quest_011_03,False,True,aftermath-visible-before-completion
quest_011_04,False,True,aftermath-visible-before-completion
quest_011_05,False,True,aftermath-visible-before-completion
quest_011_06,False,True,aftermath-visible-before-completion
quest_011_07,False,True,aftermath-visible-before-completion
quest_011_08,False,True,aftermath-visible-before-completion
quest_011_09,False,True,aftermath-visible-before-completion
quest_011_10,False,True,aftermath-visible-before-completion
quest_011_11,False,True,aftermath-visible-before-completion
quest_012_00,False,True,aftermath-visible-before-completion
quest_012_01,False,True,aftermath-visible-before-completion
quest_012_02,False,True,aftermath-visible-before-completion
quest_012_03,False,True,aftermath-visible-before-completion
quest_012_04,False,True,aftermath-visible-before-completion
quest_012_05,False,True,aftermath-visible-before-completion
quest_012_06,False,True,aftermath-visible-before-completion
quest_012_07,False,True,aftermath-visible-before-completion
quest_012_08,False,True,aftermath-visible-before-completion
quest_012_09,False,True,aftermath-visible-before-completion
quest_012_10,False,True,aftermath-visible-before-completion
quest_012_11,False,True,aftermath-visible-before-completion
quest_013_00,False,True,aftermath-visible-before-completion
quest_013_01,False,True,aftermath-visible-before-completion
quest_013_02,False,True,aftermath-visible-before-completion
quest_013_03,False,True,aftermath-visible-before-completion
quest_013_04,False,True,aftermath-visible-before-completion
quest_013_05,False,True,aftermath-visible-before-completion
quest_013_06,False,True,aftermath-visible-before-completion
quest_013_07,False,True,aftermath-visible-before-completion
quest_013_08,False,True,aftermath-visible-before-completion
quest_013_09,False,True,aftermath-visible-before-completion
quest_013_10,False,True,aftermath-visible-before-completion
quest_013_11,False,True,aftermath-visible-before-completion
quest_014_00,False,True,aftermath-visible-before-completion
quest_014_01,False,True,aftermath-visible-before-completion
quest_014_02,False,True,aftermath-visible-before-completion
quest_014_03,False,True,aftermath-visible-before-completion
quest_014_04,False,True,aftermath-visible-before-completion
quest_014_05,False,True,aftermath-visible-before-completion
quest_014_06,False,True,aftermath-visible-before-completion
quest_014_07,False,True,aftermath-visible-before-completion
quest_014_08,False,True,aftermath-visible-before-completion
quest_014_09,False,True,aftermath-visible-before-completion
quest_014_10,False,True,aftermath-visible-before-completion
quest_014_11,False,True,aftermath-visible-before-completion
quest_015_00,False,True,aftermath-visible-before-completion
quest_015_01,False,True,aftermath-visible-before-completion
quest_015_02,False,True,aftermath-visible-before-completion
quest_015_03,False,True,aftermath-visible-before-completion
quest_015_04,False,True,aftermath-visible-before-completion
quest_015_05,False,True,aftermath-visible-before-completion
quest_015_06,False,True,aftermath-visible-before-completion
quest_015_07,False,True,aftermath-visible-before-completion
quest_015_08,False,True,aftermath-visible-before-completion
quest_015_09,False,True,aftermath-visible-before-completion
quest_015_10,False,True,aftermath-visible-before-completion
quest_015_11,False,True,aftermath-visible-before-completion
quest_016_00,False,True,aftermath-visible-before-completion
quest_016_01,False,True,aftermath-visible-before-completion
quest_016_02,False,True,aftermath-visible-before-completion
quest_016_03,False,True,aftermath-visible-before-completion
quest_016_04,False,True,aftermath-visible-before-completion
quest_016_05,False,True,aftermath-visible-before-completion
quest_016_06,False,True,aftermath-visible-before-completion
quest_016_07,False,True,aftermath-visible-before-completion
quest_016_08,False,True,aftermath-visible-before-completion
quest_016_09,False,True,aftermath-visible-before-completion
quest_016_10,False,True,aftermath-visible-before-completion
quest_016_11,False,True,aftermath-visible-before-completion
quest_017_00,False,True,aftermath-visible-before-completion
quest_017_01,False,True,aftermath-visible-before-completion
quest_017_02,False,True,aftermath-visible-before-completion
quest_017_03,False,True,aftermath-visible-before-completion
quest_017_04,False,True,aftermath-visible-before-completion
quest_017_05,False,True,aftermath-visible-before-completion
quest_017_06,False,True,aftermath-visible-before-completion
quest_017_07,False,True,aftermath-visible-before-completion
quest_017_08,False,True,aftermath-visible-before-completion
quest_017_09,False,True,aftermath-visible-before-completion
quest_017_10,False,True,aftermath-visible-before-completion
quest_017_11,False,True,aftermath-visible-before-completion
quest_018_00,False,True,aftermath-visible-before-completion
quest_018_01,False,True,aftermath-visible-before-completion
quest_018_02,False,True,aftermath-visible-before-completion
quest_018_03,False,True,aftermath-visible-before-completion
quest_018_04,False,True,aftermath-visible-before-completion
quest_018_05,False,True,aftermath-visible-before-completion
quest_018_06,False,True,aftermath-visible-before-completion
quest_018_07,False,True,aftermath-visible-before-completion
quest_018_08,False,True,aftermath-visible-before-completion
quest_018_09,False,True,aftermath-visible-before-completion
quest_018_10,False,True,aftermath-visible-before-completion
quest_018_11,False,True,aftermath-visible-before-completion
quest_019_00,False,True,aftermath-visible-before-completion
quest_019_01,False,True,aftermath-visible-before-completion
quest_019_02,False,True,aftermath-visible-before-completion
quest_019_03,False,True,aftermath-visible-before-completion
quest_019_04,False,True,aftermath-visible-before-completion
quest_019_05,False,True,aftermath-visible-before-completion
quest_019_06,False,True,aftermath-visible-before-completion
quest_019_07,False,True,aftermath-visible-before-completion
quest_019_08,False,True,aftermath-visible-before-completion
quest_019_09,False,True,aftermath-visible-before-completion
quest_019_10,False,True,aftermath-visible-before-completion
quest_019_11,False,True,aftermath-visible-before-completion
quest_020_00,False,True,aftermath-visible-before-completion
quest_020_01,False,True,aftermath-visible-before-completion
quest_020_02,False,True,aftermath-visible-before-completion
quest_020_03,False,True,aftermath-visible-before-completion
quest_020_04,False,True,aftermath-visible-before-completion
quest_020_05,False,True,aftermath-visible-before-completion
quest_020_06,False,True,aftermath-visible-before-completion
quest_020_07,False,True,aftermath-visible-before-completion
quest_020_08,False,True,aftermath-visible-before-completion
quest_020_09,False,True,aftermath-visible-before-completion
quest_020_10,False,True,aftermath-visible-before-completion
quest_020_11,False,True,aftermath-visible-before-completion
quest_021_00,False,True,aftermath-visible-before-completion
quest_021_01,False,True,aftermath-visible-before-completion
quest_021_02,False,True,aftermath-visible-before-completion
quest_021_03,False,True,aftermath-visible-before-completion
quest_021_04,False,True,aftermath-visible-before-completion
quest_021_05,False,True,aftermath-visible-before-completion
quest_021_06,False,True,aftermath-visible-before-completion
quest_021_07,False,True,aftermath-visible-before-completion
quest_021_08,False,True,aftermath-visible-before-completion
quest_021_09,False,True,aftermath-visible-before-completion
quest_021_10,False,True,aftermath-visible-before-completion
quest_021_11,False,True,aftermath-visible-before-completion
quest_022_00,False,True,aftermath-visible-before-completion
quest_022_01,False,True,aftermath-visible-before-completion
quest_022_02,False,True,aftermath-visible-before-completion
quest_022_03,False,True,aftermath-visible-before-completion
quest_022_04,False,True,aftermath-visible-before-completion
quest_022_05,False,True,aftermath-visible-before-completion
quest_022_06,False,True,aftermath-visible-before-completion
quest_022_07,False,True,aftermath-visible-before-completion
quest_022_08,False,True,aftermath-visible-before-completion
quest_022_09,False,True,aftermath-visible-before-completion
quest_022_10,False,True,aftermath-visible-before-completion
quest_022_11,False,True,aftermath-visible-before-completion
quest_023_00,False,True,aftermath-visible-before-completion
quest_023_01,False,True,aftermath-visible-before-completion
quest_023_02,False,True,aftermath-visible-before-completion
quest_023_03,False,True,aftermath-visible-before-completion
quest_023_04,False,True,aftermath-visible-before-completion
quest_023_05,False,True,aftermath-visible-before-completion
quest_023_06,False,True,aftermath-visible-before-completion
quest_023_07,False,True,aftermath-visible-before-completion
quest_023_08,False,True,aftermath-visible-before-completion
quest_023_09,False,True,aftermath-visible-before-completion
quest_023_10,False,True,aftermath-visible-before-completion
quest_023_11,False,True,aftermath-visible-before-completion
quest_024_00,False,True,aftermath-visible-before-completion
quest_024_01,False,True,aftermath-visible-before-completion
quest_024_02,False,True,aftermath-visible-before-completion
quest_024_03,False,True,aftermath-visible-before-completion
quest_024_04,False,True,aftermath-visible-before-completion
quest_024_05,False,True,aftermath-visible-before-completion
quest_024_06,False,True,aftermath-visible-before-completion
quest_024_07,False,True,aftermath-visible-before-completion
quest_024_08,False,True,aftermath-visible-before-completion
quest_024_09,False,True,aftermath-visible-before-completion
quest_024_10,False,True,aftermath-visible-before-completion
quest_024_11,False,True,aftermath-visible-before-completion
quest_025_00,False,True,aftermath-visible-before-completion
quest_025_01,False,True,aftermath-visible-before-completion
quest_025_02,False,True,aftermath-visible-before-completion
quest_025_03,False,True,aftermath-visible-before-completion
quest_025_04,False,True,aftermath-visible-before-completion
quest_025_05,False,True,aftermath-visible-before-completion
quest_025_06,False,True,aftermath-visible-before-completion
quest_025_07,False,True,aftermath-visible-before-completion
quest_025_08,False,True,aftermath-visible-before-completion
quest_025_09,False,True,aftermath-visible-before-completion
quest_025_10,False,True,aftermath-visible-before-completion
quest_025_11,False,True,aftermath-visible-before-completion
quest_026_00,False,True,aftermath-visible-before-completion
quest_026_01,False,True,aftermath-visible-before-completion
quest_026_02,False,True,aftermath-visible-before-completion
quest_026_03,False,True,aftermath-visible-before-completion
quest_026_04,False,True,aftermath-visible-before-completion
quest_026_05,False,True,aftermath-visible-before-completion
quest_026_06,False,True,aftermath-visible-before-completion
quest_026_07,False,True,aftermath-visible-before-completion
quest_026_08,False,True,aftermath-visible-before-completion
quest_026_09,False,True,aftermath-visible-before-completion
quest_026_10,False,True,aftermath-visible-before-completion
quest_026_11,False,True,aftermath-visible-before-completion
quest_027_00,False,True,aftermath-visible-before-completion
quest_027_01,False,True,aftermath-visible-before-completion
quest_027_02,False,True,aftermath-visible-before-completion
quest_027_03,False,True,aftermath-visible-before-completion
quest_027_04,False,True,aftermath-visible-before-completion
quest_027_05,False,True,aftermath-visible-before-completion
quest_027_06,False,True,aftermath-visible-before-completion
quest_027_07,False,True,aftermath-visible-before-completion
quest_027_08,False,True,aftermath-visible-before-completion
quest_027_09,False,True,aftermath-visible-before-completion
quest_027_10,False,True,aftermath-visible-before-completion
quest_027_11,False,True,aftermath-visible-before-completion
quest_028_00,False,True,aftermath-visible-before-completion
quest_028_01,False,True,aftermath-visible-before-completion
quest_028_02,False,True,aftermath-visible-before-completion
quest_028_03,False,True,aftermath-visible-before-completion
quest_028_04,False,True,aftermath-visible-before-completion
quest_028_05,False,True,aftermath-visible-before-completion
quest_028_06,False,True,aftermath-visible-before-completion
quest_028_07,False,True,aftermath-visible-before-completion
quest_028_08,False,True,aftermath-visible-before-completion
quest_028_09,False,True,aftermath-visible-before-completion
quest_028_10,False,True,aftermath-visible-before-completion
quest_028_11,False,True,aftermath-visible-before-completion
quest_029_00,False,True,aftermath-visible-before-completion
quest_029_01,False,True,aftermath-visible-before-completion
quest_029_02,False,True,aftermath-visible-before-completion
quest_029_03,False,True,aftermath-visible-before-completion
quest_029_04,False,True,aftermath-visible-before-completion
quest_029_05,False,True,aftermath-visible-before-completion
quest_029_06,False,True,aftermath-visible-before-completion
quest_029_07,False,True,aftermath-visible-before-completion
quest_029_08,False,True,aftermath-visible-before-completion
quest_029_09,False,True,aftermath-visible-before-completion
quest_029_10,False,True,aftermath-visible-before-completion
quest_029_11,False,True,aftermath-visible-before-completion
quest_030_00,False,True,aftermath-visible-before-completion
quest_030_01,False,True,aftermath-visible-before-completion
quest_030_02,False,True,aftermath-visible-before-completion
quest_030_03,False,True,aftermath-visible-before-completion
quest_030_04,False,True,aftermath-visible-before-completion
quest_030_05,False,True,aftermath-visible-before-completion
quest_030_06,False,True,aftermath-visible-before-completion
quest_030_07,False,True,aftermath-visible-before-completion
quest_030_08,False,True,aftermath-visible-before-completion
quest_030_09,False,True,aftermath-visible-before-completion
quest_030_10,False,True,aftermath-visible-before-completion
quest_030_11,False,True,aftermath-visible-before-completion
quest_031_00,False,True,aftermath-visible-before-completion
quest_031_01,False,True,aftermath-visible-before-completion
quest_031_02,False,True,aftermath-visible-before-completion
quest_031_03,False,True,aftermath-visible-before-completion
quest_031_04,False,True,aftermath-visible-before-completion
quest_031_05,False,True,aftermath-visible-before-completion
quest_031_06,False,True,aftermath-visible-before-completion
quest_031_07,False,True,aftermath-visible-before-completion
quest_031_08,False,True,aftermath-visible-before-completion
quest_031_09,False,True,aftermath-visible-before-completion
quest_031_10,False,True,aftermath-visible-before-completion
quest_031_11,False,True,aftermath-visible-before-completion
quest_032_00,False,True,aftermath-visible-before-completion
quest_032_01,False,True,aftermath-visible-before-completion
quest_032_02,False,True,aftermath-visible-before-completion
quest_032_03,False,True,aftermath-visible-before-completion
quest_032_04,False,True,aftermath-visible-before-completion
quest_032_05,False,True,aftermath-visible-before-completion
quest_032_06,False,True,aftermath-visible-before-completion
quest_032_07,False,True,aftermath-visible-before-completion
quest_032_08,False,True,aftermath-visible-before-completion
quest_032_09,False,True,aftermath-visible-before-completion
quest_032_10,False,True,aftermath-visible-before-completion
quest_032_11,False,True,aftermath-visible-before-completion
quest_033_00,False,True,aftermath-visible-before-completion
quest_033_01,False,True,aftermath-visible-before-completion
quest_033_02,False,True,aftermath-visible-before-completion
quest_033_03,False,True,aftermath-visible-before-completion
quest_033_04,False,True,aftermath-visible-before-completion
quest_033_05,False,True,aftermath-visible-before-completion
quest_033_06,False,True,aftermath-visible-before-completion
quest_033_07,False,True,aftermath-visible-before-completion
quest_033_08,False,True,aftermath-visible-before-completion
quest_033_09,False,True,aftermath-visible-before-completion
quest_033_10,False,True,aftermath-visible-before-completion
quest_033_11,False,True,aftermath-visible-before-completion
quest_034_00,False,True,aftermath-visible-before-completion
quest_034_01,False,True,aftermath-visible-before-completion
quest_034_02,False,True,aftermath-visible-before-completion
quest_034_03,False,True,aftermath-visible-before-completion
quest_034_04,False,True,aftermath-visible-before-completion
quest_034_05,False,True,aftermath-visible-before-completion
quest_034_06,False,True,aftermath-visible-before-completion
quest_034_07,False,True,aftermath-visible-before-completion
quest_034_08,False,True,aftermath-visible-before-completion
quest_034_09,False,True,aftermath-visible-before-completion
quest_034_10,False,True,aftermath-visible-before-completion
quest_034_11,False,True,aftermath-visible-before-completion
quest_035_00,False,True,aftermath-visible-before-completion
quest_035_01,False,True,aftermath-visible-before-completion
quest_035_02,False,True,aftermath-visible-before-completion
quest_035_03,False,True,aftermath-visible-before-completion
quest_035_04,False,True,aftermath-visible-before-completion
quest_035_05,False,True,aftermath-visible-before-completion
quest_035_06,False,True,aftermath-visible-before-completion
quest_035_07,False,True,aftermath-visible-before-completion
quest_035_08,False,True,aftermath-visible-before-completion
quest_035_09,False,True,aftermath-visible-before-completion
quest_035_10,False,True,aftermath-visible-before-completion
quest_035_11,False,True,aftermath-visible-before-completion
quest_036_00,False,True,aftermath-visible-before-completion
quest_036_01,False,True,aftermath-visible-before-completion
quest_036_02,False,True,aftermath-visible-before-completion
quest_036_03,False,True,aftermath-visible-before-completion
quest_036_04,False,True,aftermath-visible-before-completion
quest_036_05,False,True,aftermath-visible-before-completion
quest_036_06,False,True,aftermath-visible-before-completion
quest_036_07,False,True,aftermath-visible-before-completion
quest_036_08,False,True,aftermath-visible-before-completion
quest_036_09,False,True,aftermath-visible-before-completion
quest_036_10,False,True,aftermath-visible-before-completion
quest_036_11,False,True,aftermath-visible-before-completion
quest_037_00,False,True,aftermath-visible-before-completion
quest_037_01,False,True,aftermath-visible-before-completion
quest_037_02,False,True,aftermath-visible-before-completion
quest_037_03,False,True,aftermath-visible-before-completion
quest_037_04,False,True,aftermath-visible-before-completion
quest_037_05,False,True,aftermath-visible-before-completion
quest_037_06,False,True,aftermath-visible-before-completion
quest_037_07,False,True,aftermath-visible-before-completion
quest_037_08,False,True,aftermath-visible-before-completion
quest_037_09,False,True,aftermath-visible-before-completion
quest_037_10,False,True,aftermath-visible-before-completion
quest_037_11,False,True,aftermath-visible-before-completion
quest_038_00,False,True,aftermath-visible-before-completion
quest_038_01,False,True,aftermath-visible-before-completion
quest_038_02,False,True,aftermath-visible-before-completion
quest_038_03,False,True,aftermath-visible-before-completion
quest_038_04,False,True,aftermath-visible-before-completion
quest_038_05,False,True,aftermath-visible-before-completion
quest_038_06,False,True,aftermath-visible-before-completion
quest_038_07,False,True,aftermath-visible-before-completion
quest_038_08,False,True,aftermath-visible-before-completion
quest_038_09,False,True,aftermath-visible-before-completion
quest_038_10,False,True,aftermath-visible-before-completion
quest_038_11,False,True,aftermath-visible-before-completion
quest_039_00,False,True,aftermath-visible-before-completion
quest_039_01,False,True,aftermath-visible-before-completion
quest_039_02,False,True,aftermath-visible-before-completion
quest_039_03,False,True,aftermath-visible-before-completion
quest_039_04,False,True,aftermath-visible-before-completion
quest_039_05,False,True,aftermath-visible-before-completion
quest_039_06,False,True,aftermath-visible-before-completion
quest_039_07,False,True,aftermath-visible-before-completion
quest_039_08,False,True,aftermath-visible-before-completion
quest_039_09,False,True,aftermath-visible-before-completion
quest_039_10,False,True,aftermath-visible-before-completion
quest_039_11,False,True,aftermath-visible-before-completion
quest_040_00,False,True,aftermath-visible-before-completion
quest_040_01,False,True,aftermath-visible-before-completion
quest_040_02,False,True,aftermath-visible-before-completion
quest_040_03,False,True,aftermath-visible-before-completion
quest_040_04,False,True,aftermath-visible-before-completion
quest_040_05,False,True,aftermath-visible-before-completion
quest_040_06,False,True,aftermath-visible-before-completion
quest_040_07,False,True,aftermath-visible-before-completion
quest_040_08,False,True,aftermath-visible-before-completion
quest_040_09,False,True,aftermath-visible-before-completion
quest_040_10,False,True,aftermath-visible-before-completion
quest_040_11,False,True,aftermath-visible-before-completion
quest_041_00,False,True,aftermath-visible-before-completion
quest_041_01,False,True,aftermath-visible-before-completion
quest_041_02,False,True,aftermath-visible-before-completion
quest_041_03,False,True,aftermath-visible-before-completion
quest_041_04,False,True,aftermath-visible-before-completion
quest_041_05,False,True,aftermath-visible-before-completion
quest_041_06,False,True,aftermath-visible-before-completion
quest_041_07,False,True,aftermath-visible-before-completion
quest_041_08,False,True,aftermath-visible-before-completion
quest_041_09,False,True,aftermath-visible-before-completion
quest_041_10,False,True,aftermath-visible-before-completion
quest_041_11,False,True,aftermath-visible-before-completion
quest_042_00,False,True,aftermath-visible-before-completion
quest_042_01,False,True,aftermath-visible-before-completion
quest_042_02,False,True,aftermath-visible-before-completion
quest_042_03,False,True,aftermath-visible-before-completion
quest_042_04,False,True,aftermath-visible-before-completion
quest_042_05,False,True,aftermath-visible-before-completion
quest_042_06,False,True,aftermath-visible-before-completion
quest_042_07,False,True,aftermath-visible-before-completion
quest_042_08,False,True,aftermath-visible-before-completion
quest_042_09,False,True,aftermath-visible-before-completion
quest_042_10,False,True,aftermath-visible-before-completion
quest_042_11,False,True,aftermath-visible-before-completion
quest_043_00,False,True,aftermath-visible-before-completion
quest_043_01,False,True,aftermath-visible-before-completion
quest_043_02,False,True,aftermath-visible-before-completion
quest_043_03,False,True,aftermath-visible-before-completion
quest_043_04,False,True,aftermath-visible-before-completion
quest_043_05,False,True,aftermath-visible-before-completion
quest_043_06,False,True,aftermath-visible-before-completion
quest_043_07,False,True,aftermath-visible-before-completion
quest_043_08,False,True,aftermath-visible-before-completion
quest_043_09,False,True,aftermath-visible-before-completion
quest_043_10,False,True,aftermath-visible-before-completion
quest_043_11,False,True,aftermath-visible-before-completion
quest_044_00,False,True,aftermath-visible-before-completion
quest_044_01,False,True,aftermath-visible-before-completion
quest_044_02,False,True,aftermath-visible-before-completion
quest_044_03,False,True,aftermath-visible-before-completion
quest_044_04,False,True,aftermath-visible-before-completion
quest_044_05,False,True,aftermath-visible-before-completion
quest_044_06,False,True,aftermath-visible-before-completion
quest_044_07,False,True,aftermath-visible-before-completion
quest_044_08,False,True,aftermath-visible-before-completion
quest_044_09,False,True,aftermath-visible-before-completion
quest_044_10,False,True,aftermath-visible-before-completion
quest_044_11,False,True,aftermath-visible-before-completion
quest_045_00,False,True,aftermath-visible-before-completion
quest_045_01,False,True,aftermath-visible-before-completion
quest_045_02,False,True,aftermath-visible-before-completion
quest_045_03,False,True,aftermath-visible-before-completion
quest_045_04,False,True,aftermath-visible-before-completion
quest_045_05,False,True,aftermath-visible-before-completion
quest_045_06,False,True,aftermath-visible-before-completion
quest_045_07,False,True,aftermath-visible-before-completion
quest_045_08,False,True,aftermath-visible-before-completion
quest_045_09,False,True,aftermath-visible-before-completion
quest_045_10,False,True,aftermath-visible-before-completion
quest_045_11,False,True,aftermath-visible-before-completion
quest_046_00,False,True,aftermath-visible-before-completion
quest_046_01,False,True,aftermath-visible-before-completion
quest_046_02,False,True,aftermath-visible-before-completion
quest_046_03,False,True,aftermath-visible-before-completion
quest_046_04,False,True,aftermath-visible-before-completion
quest_046_05,False,True,aftermath-visible-before-completion
quest_046_06,False,True,aftermath-visible-before-completion
quest_046_07,False,True,aftermath-visible-before-completion
quest_046_08,False,True,aftermath-visible-before-completion
quest_046_09,False,True,aftermath-visible-before-completion
quest_046_10,False,True,aftermath-visible-before-completion
quest_046_11,False,True,aftermath-visible-before-completion
quest_047_00,False,True,aftermath-visible-before-completion
quest_047_01,False,True,aftermath-visible-before-completion
quest_047_02,False,True,aftermath-visible-before-completion
quest_047_03,False,True,aftermath-visible-before-completion
quest_047_04,False,True,aftermath-visible-before-completion
quest_047_05,False,True,aftermath-visible-before-completion
quest_047_06,False,True,aftermath-visible-before-completion
quest_047_07,False,True,aftermath-visible-before-completion
quest_047_08,False,True,aftermath-visible-before-completion
quest_047_09,False,True,aftermath-visible-before-completion
quest_047_10,False,True,aftermath-visible-before-completion
quest_047_11,False,True,aftermath-visible-before-completion
quest_048_00,False,True,aftermath-visible-before-completion
quest_048_01,False,True,aftermath-visible-before-completion
quest_048_02,False,True,aftermath-visible-before-completion
quest_048_03,False,True,aftermath-visible-before-completion
quest_048_04,False,True,aftermath-visible-before-completion
quest_048_05,False,True,aftermath-visible-before-completion
quest_048_06,False,True,aftermath-visible-before-completion
quest_048_07,False,True,aftermath-visible-before-completion
quest_048_08,False,True,aftermath-visible-before-completion
quest_048_09,False,True,aftermath-visible-before-completion
quest_048_10,False,True,aftermath-visible-before-completion
quest_048_11,False,True,aftermath-visible-before-completion
quest_049_00,False,True,aftermath-visible-before-completion
quest_049_01,False,True,aftermath-visible-before-completion
quest_049_02,False,True,aftermath-visible-before-completion
quest_049_03,False,True,aftermath-visible-before-completion
quest_049_04,False,True,aftermath-visible-before-completion
quest_049_05,False,True,aftermath-visible-before-completion
quest_049_06,False,True,aftermath-visible-before-completion
quest_049_07,False,True,aftermath-visible-before-completion
quest_049_08,False,True,aftermath-visible-before-completion
quest_049_09,False,True,aftermath-visible-before-completion
quest_049_10,False,True,aftermath-visible-before-completion
quest_049_11,False,True,aftermath-visible-before-completion
quest_050_00,False,True,aftermath-visible-before-completion
quest_050_01,False,True,aftermath-visible-before-completion
quest_050_02,False,True,aftermath-visible-before-completion
quest_050_03,False,True,aftermath-visible-before-completion
quest_050_04,False,True,aftermath-visible-before-completion
quest_050_05,False,True,aftermath-visible-before-completion
quest_050_06,False,True,aftermath-visible-before-completion
quest_050_07,False,True,aftermath-visible-before-completion
quest_050_08,False,True,aftermath-visible-before-completion
quest_050_09,False,True,aftermath-visible-before-completion
quest_050_10,False,True,aftermath-visible-before-completion
quest_050_11,False,True,aftermath-visible-before-completion
quest_051_00,False,True,aftermath-visible-before-completion
quest_051_01,False,True,aftermath-visible-before-completion
quest_051_02,False,True,aftermath-visible-before-completion
quest_051_03,False,True,aftermath-visible-before-completion
quest_051_04,False,True,aftermath-visible-before-completion
quest_051_05,False,True,aftermath-visible-before-completion
quest_051_06,False,True,aftermath-visible-before-completion
quest_051_07,False,True,aftermath-visible-before-completion
quest_051_08,False,True,aftermath-visible-before-completion
quest_051_09,False,True,aftermath-visible-before-completion
quest_051_10,False,True,aftermath-visible-before-completion
quest_051_11,False,True,aftermath-visible-before-completion
quest_052_00,False,True,aftermath-visible-before-completion
quest_052_01,False,True,aftermath-visible-before-completion
quest_052_02,False,True,aftermath-visible-before-completion
quest_052_03,False,True,aftermath-visible-before-completion
quest_052_04,False,True,aftermath-visible-before-completion
quest_052_05,False,True,aftermath-visible-before-completion
quest_052_06,False,True,aftermath-visible-before-completion
quest_052_07,False,True,aftermath-visible-before-completion
quest_052_08,False,True,aftermath-visible-before-completion
quest_052_09,False,True,aftermath-visible-before-completion
quest_052_10,False,True,aftermath-visible-before-completion
quest_052_11,False,True,aftermath-visible-before-completion
quest_053_00,False,True,aftermath-visible-before-completion
quest_053_01,False,True,aftermath-visible-before-completion
quest_053_02,False,True,aftermath-visible-before-completion
quest_053_03,False,True,aftermath-visible-before-completion
quest_053_04,False,True,aftermath-visible-before-completion
quest_053_05,False,True,aftermath-visible-before-completion
quest_053_06,False,True,aftermath-visible-before-completion
quest_053_07,False,True,aftermath-visible-before-completion
quest_053_08,False,True,aftermath-visible-before-completion
quest_053_09,False,True,aftermath-visible-before-completion
quest_053_10,False,True,aftermath-visible-before-completion
quest_053_11,False,True,aftermath-visible-before-completion
quest_054_00,False,True,aftermath-visible-before-completion
quest_054_01,False,True,aftermath-visible-before-completion
quest_054_02,False,True,aftermath-visible-before-completion
quest_054_03,False,True,aftermath-visible-before-completion
quest_054_04,False,True,aftermath-visible-before-completion
quest_054_05,False,True,aftermath-visible-before-completion
quest_054_06,False,True,aftermath-visible-before-completion
quest_054_07,False,True,aftermath-visible-before-completion
quest_054_08,False,True,aftermath-visible-before-completion
quest_054_09,False,True,aftermath-visible-before-completion
quest_054_10,False,True,aftermath-visible-before-completion
quest_054_11,False,True,aftermath-visible-before-completion
quest_055_00,False,True,aftermath-visible-before-completion
quest_055_01,False,True,aftermath-visible-before-completion
quest_055_02,False,True,aftermath-visible-before-completion
quest_055_03,False,True,aftermath-visible-before-completion
quest_055_04,False,True,aftermath-visible-before-completion
quest_055_05,False,True,aftermath-visible-before-completion
quest_055_06,False,True,aftermath-visible-before-completion
quest_055_07,False,True,aftermath-visible-before-completion
quest_055_08,False,True,aftermath-visible-before-completion
quest_055_09,False,True,aftermath-visible-before-completion
quest_055_10,False,True,aftermath-visible-before-completion
quest_055_11,False,True,aftermath-visible-before-completion
quest_056_00,False,True,aftermath-visible-before-completion
quest_056_01,False,True,aftermath-visible-before-completion
quest_056_02,False,True,aftermath-visible-before-completion
quest_056_03,False,True,aftermath-visible-before-completion
quest_056_04,False,True,aftermath-visible-before-completion
quest_056_05,False,True,aftermath-visible-before-completion
quest_056_06,False,True,aftermath-visible-before-completion
quest_056_07,False,True,aftermath-visible-before-completion
quest_056_08,False,True,aftermath-visible-before-completion
quest_056_09,False,True,aftermath-visible-before-completion
quest_056_10,False,True,aftermath-visible-before-completion
quest_056_11,False,True,aftermath-visible-before-completion
quest_057_00,False,True,aftermath-visible-before-completion
quest_057_01,False,True,aftermath-visible-before-completion
quest_057_02,False,True,aftermath-visible-before-completion
quest_057_03,False,True,aftermath-visible-before-completion
quest_057_04,False,True,aftermath-visible-before-completion
quest_057_05,False,True,aftermath-visible-before-completion
quest_057_06,False,True,aftermath-visible-before-completion
quest_057_07,False,True,aftermath-visible-before-completion
quest_057_08,False,True,aftermath-visible-before-completion
quest_057_09,False,True,aftermath-visible-before-completion
quest_057_10,False,True,aftermath-visible-before-completion
quest_057_11,False,True,aftermath-visible-before-completion
quest_058_00,False,True,aftermath-visible-before-completion
quest_058_01,False,True,aftermath-visible-before-completion
quest_058_02,False,True,aftermath-visible-before-completion
quest_058_03,False,True,aftermath-visible-before-completion
quest_058_04,False,True,aftermath-visible-before-completion
quest_058_05,False,True,aftermath-visible-before-completion
quest_058_06,False,True,aftermath-visible-before-completion
quest_058_07,False,True,aftermath-visible-before-completion
quest_058_08,False,True,aftermath-visible-before-completion
quest_058_09,False,True,aftermath-visible-before-completion
quest_058_10,False,True,aftermath-visible-before-completion
quest_058_11,False,True,aftermath-visible-before-completion
quest_059_00,False,True,aftermath-visible-before-completion
quest_059_01,False,True,aftermath-visible-before-completion
quest_059_02,False,True,aftermath-visible-before-completion
quest_059_03,False,True,aftermath-visible-before-completion
quest_059_04,False,True,aftermath-visible-before-completion
quest_059_05,False,True,aftermath-visible-before-completion
quest_059_06,False,True,aftermath-visible-before-completion
quest_059_07,False,True,aftermath-visible-before-completion
quest_059_08,False,True,aftermath-visible-before-completion
quest_059_09,False,True,aftermath-visible-before-completion
quest_059_10,False,True,aftermath-visible-before-completion
quest_059_11,False,True,aftermath-visible-before-completion
quest_060_00,False,True,aftermath-visible-before-completion
quest_060_01,False,True,aftermath-visible-before-completion
quest_060_02,False,True,aftermath-visible-before-completion
quest_060_03,False,True,aftermath-visible-before-completion
quest_060_04,False,True,aftermath-visible-before-completion
quest_060_05,False,True,aftermath-visible-before-completion
quest_060_06,False,True,aftermath-visible-before-completion
quest_060_07,False,True,aftermath-visible-before-completion
quest_060_08,False,True,aftermath-visible-before-completion
quest_060_09,False,True,aftermath-visible-before-completion
quest_060_10,False,True,aftermath-visible-before-completion
quest_060_11,False,True,aftermath-visible-before-completion
quest_061_00,False,True,aftermath-visible-before-completion
quest_061_01,False,True,aftermath-visible-before-completion
quest_061_02,False,True,aftermath-visible-before-completion
quest_061_03,False,True,aftermath-visible-before-completion
quest_061_04,False,True,aftermath-visible-before-completion
quest_061_05,False,True,aftermath-visible-before-completion
quest_061_06,False,True,aftermath-visible-before-completion
quest_061_07,False,True,aftermath-visible-before-completion
quest_061_08,False,True,aftermath-visible-before-completion
quest_061_09,False,True,aftermath-visible-before-completion
quest_061_10,False,True,aftermath-visible-before-completion
quest_061_11,False,True,aftermath-visible-before-completion
quest_062_00,False,True,aftermath-visible-before-completion
quest_062_01,False,True,aftermath-visible-before-completion
quest_062_02,False,True,aftermath-visible-before-completion
quest_062_03,False,True,aftermath-visible-before-completion
quest_062_04,False,True,aftermath-visible-before-completion
quest_062_05,False,True,aftermath-visible-before-completion
quest_062_06,False,True,aftermath-visible-before-completion
quest_062_07,False,True,aftermath-visible-before-completion
quest_062_08,False,True,aftermath-visible-before-completion
quest_062_09,False,True,aftermath-visible-before-completion
quest_062_10,False,True,aftermath-visible-before-completion
quest_062_11,False,True,aftermath-visible-before-completion
quest_063_00,False,True,aftermath-visible-before-completion
quest_063_01,False,True,aftermath-visible-before-completion
quest_063_02,False,True,aftermath-visible-before-completion
quest_063_03,False,True,aftermath-visible-before-completion
quest_063_04,False,True,aftermath-visible-before-completion
quest_063_05,False,True,aftermath-visible-before-completion
quest_063_06,False,True,aftermath-visible-before-completion
quest_063_07,False,True,aftermath-visible-before-completion
quest_063_08,False,True,aftermath-visible-before-completion
quest_063_09,False,True,aftermath-visible-before-completion
quest_063_10,False,True,aftermath-visible-before-completion
quest_063_11,False,True,aftermath-visible-before-completion
quest_064_00,False,True,aftermath-visible-before-completion
quest_064_01,False,True,aftermath-visible-before-completion
quest_064_02,False,True,aftermath-visible-before-completion
quest_064_03,False,True,aftermath-visible-before-completion
quest_064_04,False,True,aftermath-visible-before-completion
quest_064_05,False,True,aftermath-visible-before-completion
quest_064_06,False,True,aftermath-visible-before-completion
quest_064_07,False,True,aftermath-visible-before-completion
quest_064_08,False,True,aftermath-visible-before-completion
quest_064_09,False,True,aftermath-visible-before-completion
quest_064_10,False,True,aftermath-visible-before-completion
quest_064_11,False,True,aftermath-visible-before-completion
quest_065_00,False,True,aftermath-visible-before-completion
quest_065_01,False,True,aftermath-visible-before-completion
quest_065_02,False,True,aftermath-visible-before-completion
quest_065_03,False,True,aftermath-visible-before-completion
quest_065_04,False,True,aftermath-visible-before-completion
quest_065_05,False,True,aftermath-visible-before-completion
quest_065_06,False,True,aftermath-visible-before-completion
quest_065_07,False,True,aftermath-visible-before-completion
quest_065_08,False,True,aftermath-visible-before-completion
quest_065_09,False,True,aftermath-visible-before-completion
quest_065_10,False,True,aftermath-visible-before-completion
quest_065_11,False,True,aftermath-visible-before-completion
quest_066_00,False,True,aftermath-visible-before-completion
quest_066_01,False,True,aftermath-visible-before-completion
quest_066_02,False,True,aftermath-visible-before-completion
quest_066_03,False,True,aftermath-visible-before-completion
quest_066_04,False,True,aftermath-visible-before-completion
quest_066_05,False,True,aftermath-visible-before-completion
quest_066_06,False,True,aftermath-visible-before-completion
quest_066_07,False,True,aftermath-visible-before-completion
quest_066_08,False,True,aftermath-visible-before-completion
quest_066_09,False,True,aftermath-visible-before-completion
quest_066_10,False,True,aftermath-visible-before-completion
quest_066_11,False,True,aftermath-visible-before-completion
quest_067_00,False,True,aftermath-visible-before-completion
quest_067_01,False,True,aftermath-visible-before-completion
quest_067_02,False,True,aftermath-visible-before-completion
quest_067_03,False,True,aftermath-visible-before-completion
quest_067_04,False,True,aftermath-visible-before-completion
quest_067_05,False,True,aftermath-visible-before-completion
quest_067_06,False,True,aftermath-visible-before-completion
quest_067_07,False,True,aftermath-visible-before-completion
quest_067_08,False,True,aftermath-visible-before-completion
quest_067_09,False,True,aftermath-visible-before-completion
quest_067_10,False,True,aftermath-visible-before-completion
quest_067_11,False,True,aftermath-visible-before-completion
quest_068_00,False,True,aftermath-visible-before-completion
quest_068_01,False,True,aftermath-visible-before-completion
quest_068_02,False,True,aftermath-visible-before-completion
quest_068_03,False,True,aftermath-visible-before-completion
quest_068_04,False,True,aftermath-visible-before-completion
quest_068_05,False,True,aftermath-visible-before-completion
quest_068_06,False,True,aftermath-visible-before-completion
quest_068_07,False,True,aftermath-visible-before-completion
quest_068_08,False,True,aftermath-visible-before-completion
quest_068_09,False,True,aftermath-visible-before-completion
quest_068_10,False,True,aftermath-visible-before-completion
quest_068_11,False,True,aftermath-visible-before-completion
quest_069_00,False,True,aftermath-visible-before-completion
quest_069_01,False,True,aftermath-visible-before-completion
quest_069_02,False,True,aftermath-visible-before-completion
quest_069_03,False,True,aftermath-visible-before-completion
quest_069_04,False,True,aftermath-visible-before-completion
quest_069_05,False,True,aftermath-visible-before-completion
quest_069_06,False,True,aftermath-visible-before-completion
quest_069_07,False,True,aftermath-visible-before-completion
quest_069_08,False,True,aftermath-visible-before-completion
quest_069_09,False,True,aftermath-visible-before-completion
quest_069_10,False,True,aftermath-visible-before-completion
quest_069_11,False,True,aftermath-visible-before-completion
quest_070_00,False,True,aftermath-visible-before-completion
quest_070_01,False,True,aftermath-visible-before-completion
quest_070_02,False,True,aftermath-visible-before-completion
quest_070_03,False,True,aftermath-visible-before-completion
quest_070_04,False,True,aftermath-visible-before-completion
quest_070_05,False,True,aftermath-visible-before-completion
quest_070_06,False,True,aftermath-visible-before-completion
quest_070_07,False,True,aftermath-visible-before-completion
quest_070_08,False,True,aftermath-visible-before-completion
quest_070_09,False,True,aftermath-visible-before-completion
quest_070_10,False,True,aftermath-visible-before-completion
quest_070_11,False,True,aftermath-visible-before-completion
quest_071_00,False,True,aftermath-visible-before-completion
quest_071_01,False,True,aftermath-visible-before-completion
quest_071_02,False,True,aftermath-visible-before-completion
quest_071_03,False,True,aftermath-visible-before-completion
quest_071_04,False,True,aftermath-visible-before-completion
quest_071_05,False,True,aftermath-visible-before-completion
quest_071_06,False,True,aftermath-visible-before-completion
quest_071_07,False,True,aftermath-visible-before-completion
quest_071_08,False,True,aftermath-visible-before-completion
quest_071_09,False,True,aftermath-visible-before-completion
quest_071_10,False,True,aftermath-visible-before-completion
quest_071_11,False,True,aftermath-visible-before-completion
quest_072_00,False,True,aftermath-visible-before-completion
quest_072_01,False,True,aftermath-visible-before-completion
quest_072_02,False,True,aftermath-visible-before-completion
quest_072_03,False,True,aftermath-visible-before-completion
quest_072_04,False,True,aftermath-visible-before-completion
quest_072_05,False,True,aftermath-visible-before-completion
quest_072_06,False,True,aftermath-visible-before-completion
quest_072_07,False,True,aftermath-visible-before-completion
quest_072_08,False,True,aftermath-visible-before-completion
quest_072_09,False,True,aftermath-visible-before-completion
quest_072_10,False,True,aftermath-visible-before-completion
quest_072_11,False,True,aftermath-visible-before-completion
quest_073_00,False,True,aftermath-visible-before-completion
quest_073_01,False,True,aftermath-visible-before-completion
quest_073_02,False,True,aftermath-visible-before-completion
quest_073_03,False,True,aftermath-visible-before-completion
quest_073_04,False,True,aftermath-visible-before-completion
quest_073_05,False,True,aftermath-visible-before-completion
quest_073_06,False,True,aftermath-visible-before-completion
quest_073_07,False,True,aftermath-visible-before-completion
quest_073_08,False,True,aftermath-visible-before-completion
quest_073_09,False,True,aftermath-visible-before-completion
quest_073_10,False,True,aftermath-visible-before-completion
quest_073_11,False,True,aftermath-visible-before-completion
quest_074_00,False,True,aftermath-visible-before-completion
quest_074_01,False,True,aftermath-visible-before-completion
quest_074_02,False,True,aftermath-visible-before-completion
quest_074_03,False,True,aftermath-visible-before-completion
quest_074_04,False,True,aftermath-visible-before-completion
quest_074_05,False,True,aftermath-visible-before-completion
quest_074_06,False,True,aftermath-visible-before-completion
quest_074_07,False,True,aftermath-visible-before-completion
quest_074_08,False,True,aftermath-visible-before-completion
quest_074_09,False,True,aftermath-visible-before-completion
quest_074_10,False,True,aftermath-visible-before-completion
quest_074_11,False,True,aftermath-visible-before-completion
quest_075_00,False,True,aftermath-visible-before-completion
quest_075_01,False,True,aftermath-visible-before-completion
quest_075_02,False,True,aftermath-visible-before-completion
quest_075_03,False,True,aftermath-visible-before-completion
quest_075_04,False,True,aftermath-visible-before-completion
quest_075_05,False,True,aftermath-visible-before-completion
quest_075_06,False,True,aftermath-visible-before-completion
quest_075_07,False,True,aftermath-visible-before-completion
quest_075_08,False,True,aftermath-visible-before-completion
quest_075_09,False,True,aftermath-visible-before-completion
quest_075_10,False,True,aftermath-visible-before-completion
quest_075_11,False,True,aftermath-visible-before-completion
quest_076_00,False,True,aftermath-visible-before-completion
quest_076_01,False,True,aftermath-visible-before-completion
quest_076_02,False,True,aftermath-visible-before-completion
quest_076_03,False,True,aftermath-visible-before-completion
quest_076_04,False,True,aftermath-visible-before-completion
quest_076_05,False,True,aftermath-visible-before-completion
quest_076_06,False,True,aftermath-visible-before-completion
quest_076_07,False,True,aftermath-visible-before-completion
quest_076_08,False,True,aftermath-visible-before-completion
quest_076_09,False,True,aftermath-visible-before-completion
quest_076_10,False,True,aftermath-visible-before-completion
quest_076_11,False,True,aftermath-visible-before-completion
quest_077_00,False,True,aftermath-visible-before-completion
quest_077_01,False,True,aftermath-visible-before-completion
quest_077_02,False,True,aftermath-visible-before-completion
quest_077_03,False,True,aftermath-visible-before-completion
quest_077_04,False,True,aftermath-visible-before-completion
quest_077_05,False,True,aftermath-visible-before-completion
quest_077_06,False,True,aftermath-visible-before-completion
quest_077_07,False,True,aftermath-visible-before-completion
quest_077_08,False,True,aftermath-visible-before-completion
quest_077_09,False,True,aftermath-visible-before-completion
quest_077_10,False,True,aftermath-visible-before-completion
quest_077_11,False,True,aftermath-visible-before-completion
quest_078_00,False,True,aftermath-visible-before-completion
quest_078_01,False,True,aftermath-visible-before-completion
quest_078_02,False,True,aftermath-visible-before-completion
quest_078_03,False,True,aftermath-visible-before-completion
quest_078_04,False,True,aftermath-visible-before-completion
quest_078_05,False,True,aftermath-visible-before-completion
quest_078_06,False,True,aftermath-visible-before-completion
quest_078_07,False,True,aftermath-visible-before-completion
quest_078_08,False,True,aftermath-visible-before-completion
quest_078_09,False,True,aftermath-visible-before-completion
quest_078_10,False,True,aftermath-visible-before-completion
quest_078_11,False,True,aftermath-visible-before-completion
quest_079_00,False,True,aftermath-visible-before-completion
quest_079_01,False,True,aftermath-visible-before-completion
quest_079_02,False,True,aftermath-visible-before-completion
quest_079_03,False,True,aftermath-visible-before-completion
quest_079_04,False,True,aftermath-visible-before-completion
quest_079_05,False,True,aftermath-visible-before-completion
quest_079_06,False,True,aftermath-visible-before-completion
quest_079_07,False,True,aftermath-visible-before-completion
quest_079_08,False,True,aftermath-visible-before-completion
quest_079_09,False,True,aftermath-visible-before-completion
quest_079_10,False,True,aftermath-visible-before-completion
quest_079_11,False,True,aftermath-visible-before-completion
quest_080_00,False,True,aftermath-visible-before-completion
quest_080_01,False,True,aftermath-visible-before-completion
quest_080_02,False,True,aftermath-visible-before-completion
quest_080_03,False,True,aftermath-visible-before-completion
quest_080_04,False,True,aftermath-visible-before-completion
quest_080_05,False,True,aftermath-visible-before-completion
quest_080_06,False,True,aftermath-visible-before-completion
quest_080_07,False,True,aftermath-visible-before-completion
quest_080_08,False,True,aftermath-visible-before-completion
quest_080_09,False,True,aftermath-visible-before-completion
quest_080_10,False,True,aftermath-visible-before-completion
quest_080_11,False,True,aftermath-visible-before-completion
quest_081_00,False,True,aftermath-visible-before-completion
quest_081_01,False,True,aftermath-visible-before-completion
quest_081_02,False,True,aftermath-visible-before-completion
quest_081_03,False,True,aftermath-visible-before-completion
quest_081_04,False,True,aftermath-visible-before-completion
quest_081_05,False,True,aftermath-visible-before-completion
quest_081_06,False,True,aftermath-visible-before-completion
quest_081_07,False,True,aftermath-visible-before-completion
quest_081_08,False,True,aftermath-visible-before-completion
quest_081_09,False,True,aftermath-visible-before-completion
quest_081_10,False,True,aftermath-visible-before-completion
quest_081_11,False,True,aftermath-visible-before-completion
quest_082_00,False,True,aftermath-visible-before-completion
quest_082_01,False,True,aftermath-visible-before-completion
quest_082_02,False,True,aftermath-visible-before-completion
quest_082_03,False,True,aftermath-visible-before-completion
quest_082_04,False,True,aftermath-visible-before-completion
quest_082_05,False,True,aftermath-visible-before-completion
quest_082_06,False,True,aftermath-visible-before-completion
quest_082_07,False,True,aftermath-visible-before-completion
quest_082_08,False,True,aftermath-visible-before-completion
quest_082_09,False,True,aftermath-visible-before-completion
quest_082_10,False,True,aftermath-visible-before-completion
quest_082_11,False,True,aftermath-visible-before-completion
quest_083_00,False,True,aftermath-visible-before-completion
quest_083_01,False,True,aftermath-visible-before-completion
quest_083_02,False,True,aftermath-visible-before-completion
quest_083_03,False,True,aftermath-visible-before-completion
quest_083_04,False,True,aftermath-visible-before-completion
quest_083_05,False,True,aftermath-visible-before-completion
quest_083_06,False,True,aftermath-visible-before-completion
quest_083_07,False,True,aftermath-visible-before-completion
quest_083_08,False,True,aftermath-visible-before-completion
quest_083_09,False,True,aftermath-visible-before-completion
quest_083_10,False,True,aftermath-visible-before-completion
quest_083_11,False,True,aftermath-visible-before-completion
quest_084_00,False,True,aftermath-visible-before-completion
quest_084_01,False,True,aftermath-visible-before-completion
quest_084_02,False,True,aftermath-visible-before-completion
quest_084_03,False,True,aftermath-visible-before-completion
quest_084_04,False,True,aftermath-visible-before-completion
quest_084_05,False,True,aftermath-visible-before-completion
quest_084_06,False,True,aftermath-visible-before-completion
quest_084_07,False,True,aftermath-visible-before-completion
quest_084_08,False,True,aftermath-visible-before-completion
quest_084_09,False,True,aftermath-visible-before-completion
quest_084_10,False,True,aftermath-visible-before-completion
quest_084_11,False,True,aftermath-visible-before-completion
quest_085_00,False,True,aftermath-visible-before-completion
quest_085_01,False,True,aftermath-visible-before-completion
quest_085_02,False,True,aftermath-visible-before-completion
quest_085_03,False,True,aftermath-visible-before-completion
quest_085_04,False,True,aftermath-visible-before-completion
quest_085_05,False,True,aftermath-visible-before-completion
quest_085_06,False,True,aftermath-visible-before-completion
quest_085_07,False,True,aftermath-visible-before-completion
quest_085_08,False,True,aftermath-visible-before-completion
quest_085_09,False,True,aftermath-visible-before-completion
quest_085_10,False,True,aftermath-visible-before-completion
quest_085_11,False,True,aftermath-visible-before-completion
quest_086_00,False,True,aftermath-visible-before-completion
quest_086_01,False,True,aftermath-visible-before-completion
quest_086_02,False,True,aftermath-visible-before-completion
quest_086_03,False,True,aftermath-visible-before-completion
quest_086_04,False,True,aftermath-visible-before-completion
quest_086_05,False,True,aftermath-visible-before-completion
quest_086_06,False,True,aftermath-visible-before-completion
quest_086_07,False,True,aftermath-visible-before-completion
quest_086_08,False,True,aftermath-visible-before-completion
quest_086_09,False,True,aftermath-visible-before-completion
quest_086_10,False,True,aftermath-visible-before-completion
quest_086_11,False,True,aftermath-visible-before-completion
quest_087_00,False,True,aftermath-visible-before-completion
quest_087_01,False,True,aftermath-visible-before-completion
quest_087_02,False,True,aftermath-visible-before-completion
quest_087_03,False,True,aftermath-visible-before-completion
quest_087_04,False,True,aftermath-visible-before-completion
quest_087_05,False,True,aftermath-visible-before-completion
quest_087_06,False,True,aftermath-visible-before-completion
quest_087_07,False,True,aftermath-visible-before-completion
quest_087_08,False,True,aftermath-visible-before-completion
quest_087_09,False,True,aftermath-visible-before-completion
quest_087_10,False,True,aftermath-visible-before-completion
quest_087_11,False,True,aftermath-visible-before-completion
quest_088_00,False,True,aftermath-visible-before-completion
quest_088_01,False,True,aftermath-visible-before-completion
quest_088_02,False,True,aftermath-visible-before-completion
quest_088_03,False,True,aftermath-visible-before-completion
quest_088_04,False,True,aftermath-visible-before-completion
quest_088_05,False,True,aftermath-visible-before-completion
quest_088_06,False,True,aftermath-visible-before-completion
quest_088_07,False,True,aftermath-visible-before-completion
quest_088_08,False,True,aftermath-visible-before-completion
quest_088_09,False,True,aftermath-visible-before-completion
quest_088_10,False,True,aftermath-visible-before-completion
quest_088_11,False,True,aftermath-visible-before-completion
quest_089_00,False,True,aftermath-visible-before-completion
quest_089_01,False,True,aftermath-visible-before-completion
quest_089_02,False,True,aftermath-visible-before-completion
quest_089_03,False,True,aftermath-visible-before-completion
quest_089_04,False,True,aftermath-visible-before-completion
quest_089_05,False,True,aftermath-visible-before-completion
quest_089_06,False,True,aftermath-visible-before-completion
quest_089_07,False,True,aftermath-visible-before-completion
quest_089_08,False,True,aftermath-visible-before-completion
quest_089_09,False,True,aftermath-visible-before-completion
quest_089_10,False,True,aftermath-visible-before-completion
quest_089_11,False,True,aftermath-visible-before-completion
quest_090_00,False,True,aftermath-visible-before-completion
quest_090_01,False,True,aftermath-visible-before-completion
quest_090_02,False,True,aftermath-visible-before-completion
quest_090_03,False,True,aftermath-visible-before-completion
quest_090_04,False,True,aftermath-visible-before-completion
quest_090_05,False,True,aftermath-visible-before-completion
quest_090_06,False,True,aftermath-visible-before-completion
quest_090_07,False,True,aftermath-visible-before-completion
quest_090_08,False,True,aftermath-visible-before-completion
quest_090_09,False,True,aftermath-visible-before-completion
quest_090_10,False,True,aftermath-visible-before-completion
quest_090_11,False,True,aftermath-visible-before-completion
quest_091_00,False,True,aftermath-visible-before-completion
quest_091_01,False,True,aftermath-visible-before-completion
quest_091_02,False,True,aftermath-visible-before-completion
quest_091_03,False,True,aftermath-visible-before-completion
quest_091_04,False,True,aftermath-visible-before-completion
quest_091_05,False,True,aftermath-visible-before-completion
quest_091_06,False,True,aftermath-visible-before-completion
quest_091_07,False,True,aftermath-visible-before-completion
quest_091_08,False,True,aftermath-visible-before-completion
quest_091_09,False,True,aftermath-visible-before-completion
quest_091_10,False,True,aftermath-visible-before-completion
quest_091_11,False,True,aftermath-visible-before-completion
quest_092_00,False,True,aftermath-visible-before-completion
quest_092_01,False,True,aftermath-visible-before-completion
quest_092_02,False,True,aftermath-visible-before-completion
quest_092_03,False,True,aftermath-visible-before-completion
quest_092_04,False,True,aftermath-visible-before-completion
quest_092_05,False,True,aftermath-visible-before-completion
quest_092_06,False,True,aftermath-visible-before-completion
quest_092_07,False,True,aftermath-visible-before-completion
quest_092_08,False,True,aftermath-visible-before-completion
quest_092_09,False,True,aftermath-visible-before-completion
quest_092_10,False,True,aftermath-visible-before-completion
quest_092_11,False,True,aftermath-visible-before-completion
quest_093_00,False,True,aftermath-visible-before-completion
quest_093_01,False,True,aftermath-visible-before-completion
quest_093_02,False,True,aftermath-visible-before-completion
quest_093_03,False,True,aftermath-visible-before-completion
quest_093_04,False,True,aftermath-visible-before-completion
quest_093_05,False,True,aftermath-visible-before-completion
quest_093_06,False,True,aftermath-visible-before-completion
quest_093_07,False,True,aftermath-visible-before-completion
quest_093_08,False,True,aftermath-visible-before-completion
quest_093_09,False,True,aftermath-visible-before-completion
quest_093_10,False,True,aftermath-visible-before-completion
quest_093_11,False,True,aftermath-visible-before-completion
quest_094_00,False,True,aftermath-visible-before-completion
quest_094_01,False,True,aftermath-visible-before-completion
quest_094_02,False,True,aftermath-visible-before-completion
quest_094_03,False,True,aftermath-visible-before-completion
quest_094_04,False,True,aftermath-visible-before-completion
quest_094_05,False,True,aftermath-visible-before-completion
quest_094_06,False,True,aftermath-visible-before-completion
quest_094_07,False,True,aftermath-visible-before-completion
quest_094_08,False,True,aftermath-visible-before-completion
quest_094_09,False,True,aftermath-visible-before-completion
quest_094_10,False,True,aftermath-visible-before-completion
quest_094_11,False,True,aftermath-visible-before-completion
quest_095_00,False,True,aftermath-visible-before-completion
quest_095_01,False,True,aftermath-visible-before-completion
quest_095_02,False,True,aftermath-visible-before-completion
quest_095_03,False,True,aftermath-visible-before-completion
quest_095_04,False,True,aftermath-visible-before-completion
quest_095_05,False,True,aftermath-visible-before-completion
quest_095_06,False,True,aftermath-visible-before-completion
quest_095_07,False,True,aftermath-visible-before-completion
quest_095_08,False,True,aftermath-visible-before-completion
quest_095_09,False,True,aftermath-visible-before-completion
quest_095_10,False,True,aftermath-visible-before-completion
quest_095_11,False,True,aftermath-visible-before-completion
quest_096_00,False,True,aftermath-visible-before-completion
quest_096_01,False,True,aftermath-visible-before-completion
quest_096_02,False,True,aftermath-visible-before-completion
quest_096_03,False,True,aftermath-visible-before-completion
quest_096_04,False,True,aftermath-visible-before-completion
quest_096_05,False,True,aftermath-visible-before-completion
quest_096_06,False,True,aftermath-visible-before-completion
quest_096_07,False,True,aftermath-visible-before-completion
quest_096_08,False,True,aftermath-visible-before-completion
quest_096_09,False,True,aftermath-visible-before-completion
quest_096_10,False,True,aftermath-visible-before-completion
quest_096_11,False,True,aftermath-visible-before-completion
quest_097_00,False,True,aftermath-visible-before-completion
quest_097_01,False,True,aftermath-visible-before-completion
quest_097_02,False,True,aftermath-visible-before-completion
quest_097_03,False,True,aftermath-visible-before-completion
quest_097_04,False,True,aftermath-visible-before-completion
quest_097_05,False,True,aftermath-visible-before-completion
quest_097_06,False,True,aftermath-visible-before-completion
quest_097_07,False,True,aftermath-visible-before-completion
quest_097_08,False,True,aftermath-visible-before-completion
quest_097_09,False,True,aftermath-visible-before-completion
quest_097_10,False,True,aftermath-visible-before-completion
quest_097_11,False,True,aftermath-visible-before-completion
quest_098_00,False,True,aftermath-visible-before-completion
quest_098_01,False,True,aftermath-visible-before-completion
quest_098_02,False,True,aftermath-visible-before-completion
quest_098_03,False,True,aftermath-visible-before-completion
quest_098_04,False,True,aftermath-visible-before-completion
quest_098_05,False,True,aftermath-visible-before-completion
quest_098_06,False,True,aftermath-visible-before-completion
quest_098_07,False,True,aftermath-visible-before-completion
quest_098_08,False,True,aftermath-visible-before-completion
quest_098_09,False,True,aftermath-visible-before-completion
quest_098_10,False,True,aftermath-visible-before-completion
quest_098_11,False,True,aftermath-visible-before-completion
quest_099_00,False,True,aftermath-visible-before-completion
quest_099_01,False,True,aftermath-visible-before-completion
quest_099_02,False,True,aftermath-visible-before-completion
quest_099_03,False,True,aftermath-visible-before-completion
quest_099_04,False,True,aftermath-visible-before-completion
quest_099_05,False,True,aftermath-visible-before-completion
quest_099_06,False,True,aftermath-visible-before-completion
quest_099_07,False,True,aftermath-visible-before-completion
quest_099_08,False,True,aftermath-visible-before-completion
quest_099_09,False,True,aftermath-visible-before-completion
quest_099_10,False,True,aftermath-visible-before-completion
quest_099_11,False,True,aftermath-visible-before-completion
